"arc_length","alpha.water","p_rgh","P","S0"
0,0.00000000e+00,1.08000500e+03,1.07552036e+03,4.14538160e-41
5e-06,-1.68438478e-29,1.08001904e+03,1.07552036e+03,4.14538160e-41
1e-05,-3.36876955e-29,1.08003296e+03,1.07552036e+03,4.14538160e-41
1.5e-05,-5.05315448e-29,1.08004700e+03,1.07552036e+03,4.14538160e-41
2e-05,-6.73753910e-29,1.08006104e+03,1.07552036e+03,4.14538160e-41
2.5e-05,-8.42192373e-29,1.08007495e+03,1.07552036e+03,4.14538160e-41
3e-05,-1.01063090e-28,1.08008899e+03,1.07402036e+03,1.24361448e-40
3.5e-05,-1.17906936e-28,1.08010303e+03,1.07402036e+03,1.24361448e-40
4e-05,-1.34750782e-28,1.08011707e+03,1.07402036e+03,1.24361448e-40
4.5e-05,-1.51594628e-28,1.08013098e+03,1.07402036e+03,1.24361448e-40
5e-05,-1.68438475e-28,1.08014502e+03,1.07402036e+03,1.24361448e-40
5.5e-05,-2.43971581e-28,1.08007996e+03,1.07252036e+03,3.73084344e-40
6e-05,-3.19504652e-28,1.08001501e+03,1.07252036e+03,3.73084344e-40
6.5e-05,-3.95037746e-28,1.07994995e+03,1.07252036e+03,3.73084344e-40
7e-05,-4.70570841e-28,1.07988501e+03,1.07252036e+03,3.73084344e-40
7.5e-05,-5.46103984e-28,1.07981995e+03,1.07252036e+03,3.73084344e-40
8e-05,-6.21636982e-28,1.07975500e+03,1.07102036e+03,1.11925303e-39
8.5e-05,-6.97170077e-28,1.07968994e+03,1.07102036e+03,1.11925303e-39
9e-05,-7.72703220e-28,1.07962500e+03,1.07102036e+03,1.11925303e-39
9.5e-05,-8.48236266e-28,1.07955994e+03,1.07102036e+03,1.11925303e-39
0.0001,-9.23769313e-28,1.07949500e+03,1.07102036e+03,1.11925303e-39
0.000105,-1.11473961e-27,1.07924622e+03,1.06952036e+03,3.35775910e-39
0.00011,-1.30570992e-27,1.07899756e+03,1.06952036e+03,3.35775910e-39
0.000115,-1.49668012e-27,1.07874878e+03,1.06952036e+03,3.35775910e-39
0.00012,-1.68765023e-27,1.07850000e+03,1.06952036e+03,3.35775910e-39
0.000125,-1.87862063e-27,1.07825122e+03,1.06952036e+03,3.35775910e-39
0.00013,-2.06959064e-27,1.07800256e+03,1.06802036e+03,1.00732773e-38
0.000135,-2.26056066e-27,1.07775378e+03,1.06802036e+03,1.00732773e-38
0.00014,-2.45153125e-27,1.07750500e+03,1.06802036e+03,1.00732773e-38
0.000145,-2.64250126e-27,1.07725635e+03,1.06802036e+03,1.00732773e-38
0.00015,-2.83347185e-27,1.07700757e+03,1.06802036e+03,1.00732773e-38
0.000155,-3.12266449e-27,1.07663611e+03,1.06652036e+03,3.02198319e-38
0.00016,-3.41185693e-27,1.07626453e+03,1.06652036e+03,3.02198319e-38
0.000165,-3.70105033e-27,1.07589307e+03,1.06652036e+03,3.02198319e-38
0.00017,-3.99024296e-27,1.07552148e+03,1.06652036e+03,3.02198319e-38
0.000175,-4.27943560e-27,1.07515002e+03,1.06652036e+03,3.02198319e-38
0.00018,-4.56862900e-27,1.07477856e+03,1.06502036e+03,9.06594957e-38
0.000185,-4.85782125e-27,1.07440698e+03,1.06502036e+03,9.06594957e-38
0.00019,-5.14701465e-27,1.07403552e+03,1.06502036e+03,9.06594957e-38
0.000195,-5.43620728e-27,1.07366394e+03,1.06502036e+03,9.06594957e-38
0.0002,-5.72539992e-27,1.07329248e+03,1.06502036e+03,9.06594957e-38
0.000205,-6.16850863e-27,1.07288550e+03,1.06352036e+03,2.71978487e-37
0.00021,-6.61161581e-27,1.07247852e+03,1.06352036e+03,2.71978487e-37
0.000215,-7.05472299e-27,1.07207153e+03,1.06352036e+03,2.71978487e-37
0.00022,-7.49783170e-27,1.07166455e+03,1.06352036e+03,2.71978487e-37
0.000225,-7.94093965e-27,1.07125757e+03,1.06352036e+03,2.71978487e-37
0.00023,-8.38404837e-27,1.07085046e+03,1.06202036e+03,8.15935461e-37
0.000235,-8.82715554e-27,1.07044348e+03,1.06202036e+03,8.15935461e-37
0.00024,-9.27026272e-27,1.07003650e+03,1.06202036e+03,8.15935461e-37
0.000245,-9.71337144e-27,1.06962952e+03,1.06202036e+03,8.15935461e-37
0.00025,-1.01564802e-26,1.06922253e+03,1.06202036e+03,8.15935461e-37
0.000255,-1.19118351e-26,1.06881934e+03,1.06052036e+03,2.44780638e-36
0.00026,-1.36672001e-26,1.06841602e+03,1.06052036e+03,2.44780638e-36
0.000265,-1.54225650e-26,1.06801282e+03,1.06052036e+03,2.44780638e-36
0.00027,-1.71779192e-26,1.06760950e+03,1.06052036e+03,2.44780638e-36
0.000275,-1.89332842e-26,1.06720630e+03,1.06052036e+03,2.44780638e-36
0.00028,-2.06886492e-26,1.06680298e+03,1.05902036e+03,7.34341916e-36
0.000285,-2.24440033e-26,1.06639978e+03,1.05902036e+03,7.34341916e-36
0.00029,-2.41993683e-26,1.06599646e+03,1.05902036e+03,7.34341916e-36
0.000295,-2.59547348e-26,1.06559326e+03,1.05902036e+03,7.34341916e-36
0.0003,-2.77100982e-26,1.06518994e+03,1.05902036e+03,7.34341916e-36
0.000305,-3.42238306e-26,1.06480322e+03,1.05752036e+03,2.20302575e-35
0.00031,-4.07375999e-26,1.06441650e+03,1.05752036e+03,2.20302575e-35
0.000315,-4.72513692e-26,1.06402966e+03,1.05752036e+03,2.20302575e-35
0.00032,-5.37651047e-26,1.06364294e+03,1.05752036e+03,2.20302575e-35
0.000325,-6.02788709e-26,1.06325623e+03,1.05752036e+03,2.20302575e-35
0.00033,-6.67926433e-26,1.06286951e+03,1.05602036e+03,6.60907729e-35
0.000335,-7.33063726e-26,1.06248279e+03,1.05602036e+03,6.60907729e-35
0.00034,-7.98201450e-26,1.06209595e+03,1.05602036e+03,6.60907729e-35
0.000345,-8.63339174e-26,1.06170923e+03,1.05602036e+03,6.60907729e-35
0.00035,-9.28476466e-26,1.06132251e+03,1.05602036e+03,6.60907729e-35
0.000355,-1.08789170e-25,1.06095496e+03,1.05452036e+03,1.98272321e-34
0.00036,-1.24730705e-25,1.06058752e+03,1.05452036e+03,1.98272321e-34
0.000365,-1.40672228e-25,1.06021997e+03,1.05452036e+03,1.98272321e-34
0.00037,-1.56613665e-25,1.05985254e+03,1.05452036e+03,1.98272321e-34
0.000375,-1.72555200e-25,1.05948499e+03,1.05452036e+03,1.98272321e-34
0.00038,-1.88496723e-25,1.05911743e+03,1.05302036e+03,5.94816977e-34
0.000385,-2.04438160e-25,1.05875000e+03,1.05302036e+03,5.94816977e-34
0.00039,-2.20379683e-25,1.05838245e+03,1.05302036e+03,5.94816977e-34
0.000395,-2.36321231e-25,1.05801501e+03,1.05302036e+03,5.94816977e-34
0.0004,-2.52262655e-25,1.05764746e+03,1.05302036e+03,5.94816977e-34
0.000405,-2.80626297e-25,1.05729724e+03,1.05152036e+03,1.78445099e-33
0.00041,-3.08989939e-25,1.05694702e+03,1.05152036e+03,1.78445099e-33
0.000415,-3.37353433e-25,1.05659668e+03,1.05152036e+03,1.78445099e-33
0.00042,-3.65717074e-25,1.05624646e+03,1.05152036e+03,1.78445099e-33
0.000425,-3.94080716e-25,1.05589624e+03,1.05152036e+03,1.78445099e-33
0.00043,-4.22444185e-25,1.05554602e+03,1.05002036e+03,5.35335292e-33
0.000435,-4.50807827e-25,1.05519580e+03,1.05002036e+03,5.35335292e-33
0.00044,-4.79171469e-25,1.05484546e+03,1.05002036e+03,5.35335292e-33
0.000445,-5.07535111e-25,1.05449524e+03,1.05002036e+03,5.35335292e-33
0.00045,-5.35898604e-25,1.05414502e+03,1.05002036e+03,5.35335292e-33
0.000455,-5.76580112e-25,1.05380896e+03,1.04852036e+03,1.60600552e-32
0.00046,-6.17261620e-25,1.05347302e+03,1.04852036e+03,1.60600552e-32
0.000465,-6.57942881e-25,1.05313708e+03,1.04852036e+03,1.60600552e-32
0.00047,-6.98624388e-25,1.05280103e+03,1.04852036e+03,1.60600552e-32
0.000475,-7.39305945e-25,1.05246509e+03,1.04852036e+03,1.60600552e-32
0.00048,-7.79987206e-25,1.05212903e+03,1.04702036e+03,4.81801191e-32
0.000485,-8.20668714e-25,1.05179309e+03,1.04702036e+03,4.81801191e-32
0.00049,-8.61350221e-25,1.05145703e+03,1.04702036e+03,4.81801191e-32
0.000495,-9.02031482e-25,1.05112109e+03,1.04702036e+03,4.81801191e-32
0.0005,-9.42713236e-25,1.05078503e+03,1.04702036e+03,4.81801191e-32
0.000505,-9.93554434e-25,1.05046082e+03,1.04552036e+03,1.44539915e-31
0.00051,-1.04439563e-24,1.05013647e+03,1.04552036e+03,1.44539915e-31
0.000515,-1.09523742e-24,1.04981226e+03,1.04552036e+03,1.44539915e-31
0.00052,-1.14607862e-24,1.04948804e+03,1.04552036e+03,1.44539915e-31
0.000525,-1.19691982e-24,1.04916382e+03,1.04552036e+03,1.44539915e-31
0.00053,-1.24776161e-24,1.04883948e+03,1.04402036e+03,4.33616147e-31
0.000535,-1.29860280e-24,1.04851526e+03,1.04402036e+03,4.33616147e-31
0.00054,-1.34944400e-24,1.04819104e+03,1.04402036e+03,4.33616147e-31
0.000545,-1.40028579e-24,1.04786670e+03,1.04402036e+03,4.33616147e-31
0.00055,-1.45112699e-24,1.04754248e+03,1.04402036e+03,4.33616147e-31
0.000555,-1.50972111e-24,1.04722644e+03,1.04252036e+03,1.30082218e-30
0.00056,-1.56831593e-24,1.04691052e+03,1.04252036e+03,1.30082218e-30
0.000565,-1.62690995e-24,1.04659448e+03,1.04252036e+03,1.30082218e-30
0.00057,-1.68550407e-24,1.04627844e+03,1.04252036e+03,1.30082218e-30
0.000575,-1.74409889e-24,1.04596240e+03,1.04252036e+03,1.30082218e-30
0.00058,-1.80269291e-24,1.04564648e+03,1.04102036e+03,3.90229012e-30
0.000585,-1.86128713e-24,1.04533044e+03,1.04102036e+03,3.90229012e-30
0.00059,-1.91988195e-24,1.04501440e+03,1.04102036e+03,3.90229012e-30
0.000595,-1.97847597e-24,1.04469849e+03,1.04102036e+03,3.90229012e-30
0.0006,-2.03707078e-24,1.04438245e+03,1.03952036e+03,1.17057648e-29
0.000605,-2.10189148e-24,1.04407251e+03,1.03952036e+03,1.17057648e-29
0.00061,-2.16671218e-24,1.04376245e+03,1.03952036e+03,1.17057648e-29
0.000615,-2.23153348e-24,1.04345239e+03,1.03952036e+03,1.17057648e-29
0.00062,-2.29635418e-24,1.04314246e+03,1.03952036e+03,1.17057648e-29
0.000625,-2.36117488e-24,1.04283252e+03,1.03952036e+03,1.17057648e-29
0.00063,-2.42599637e-24,1.04252246e+03,1.03802036e+03,3.51107697e-29
0.000635,-2.49081707e-24,1.04221252e+03,1.03802036e+03,3.51107697e-29
0.00064,-2.55563757e-24,1.04190247e+03,1.03802036e+03,3.51107697e-29
0.000645,-2.62045906e-24,1.04159241e+03,1.03802036e+03,3.51107697e-29
0.00065,-2.68527976e-24,1.04128247e+03,1.03802036e+03,3.51107697e-29
0.000655,-2.75598477e-24,1.04097668e+03,1.03652036e+03,1.05295819e-28
0.00066,-2.82669037e-24,1.04067102e+03,1.03652036e+03,1.05295819e-28
0.000665,-2.89739539e-24,1.04036523e+03,1.03652036e+03,1.05295819e-28
0.00067,-2.96810020e-24,1.04005945e+03,1.03652036e+03,1.05295819e-28
0.000675,-3.03880600e-24,1.03975366e+03,1.03652036e+03,1.05295819e-28
0.00068,-3.10951101e-24,1.03944800e+03,1.03502036e+03,3.15693119e-28
0.000685,-3.18021583e-24,1.03914221e+03,1.03502036e+03,3.15693119e-28
0.00069,-3.25092163e-24,1.03883643e+03,1.03502036e+03,3.15693119e-28
0.000695,-3.32162664e-24,1.03853076e+03,1.03502036e+03,3.15693119e-28
0.0007,-3.39233145e-24,1.03822498e+03,1.03502036e+03,3.15693119e-28
0.000705,-3.46969898e-24,1.03792200e+03,1.03352036e+03,9.46089987e-28
0.00071,-3.54706533e-24,1.03761902e+03,1.03352036e+03,9.46089987e-28
0.000715,-3.62443168e-24,1.03731592e+03,1.03352036e+03,9.46089987e-28
0.00072,-3.70179922e-24,1.03701294e+03,1.03352036e+03,9.46089987e-28
0.000725,-3.77916596e-24,1.03670996e+03,1.03352036e+03,9.46089987e-28
0.00073,-3.85653310e-24,1.03640698e+03,1.03202036e+03,2.83344034e-27
0.000735,-3.93389985e-24,1.03610400e+03,1.03202036e+03,2.83344034e-27
0.00074,-4.01126620e-24,1.03580090e+03,1.03202036e+03,2.83344034e-27
0.000745,-4.08863373e-24,1.03549792e+03,1.03202036e+03,2.83344034e-27
0.00075,-4.16600008e-24,1.03519495e+03,1.03202036e+03,2.83344034e-27
0.000755,-4.25206086e-24,1.03489368e+03,1.03052036e+03,8.47765668e-27
0.00076,-4.33812243e-24,1.03459241e+03,1.03052036e+03,8.47765668e-27
0.000765,-4.42418281e-24,1.03429126e+03,1.03052036e+03,8.47765668e-27
0.00077,-4.51024359e-24,1.03398999e+03,1.03052036e+03,8.47765668e-27
0.000775,-4.59630516e-24,1.03368872e+03,1.03052036e+03,8.47765668e-27
0.00078,-4.68236594e-24,1.03338745e+03,1.02902036e+03,2.53304963e-26
0.000785,-4.76842672e-24,1.03308618e+03,1.02902036e+03,2.53304963e-26
0.00079,-4.85448829e-24,1.03278503e+03,1.02902036e+03,2.53304963e-26
0.000795,-4.94054868e-24,1.03248376e+03,1.02902036e+03,2.53304963e-26
0.0008,-5.02660946e-24,1.03218250e+03,1.02902036e+03,2.53304963e-26
0.000805,-5.12604380e-24,1.03188269e+03,1.02752036e+03,7.55442299e-26
0.00081,-5.22547696e-24,1.03158301e+03,1.02752036e+03,7.55442299e-26
0.000815,-5.32490972e-24,1.03128333e+03,1.02752036e+03,7.55442299e-26
0.00082,-5.42434406e-24,1.03098352e+03,1.02752036e+03,7.55442299e-26
0.000825,-5.52377721e-24,1.03068384e+03,1.02752036e+03,7.55442299e-26
0.00083,-5.62321037e-24,1.03038403e+03,1.02602036e+03,2.24745029e-25
0.000835,-5.72264471e-24,1.03008423e+03,1.02602036e+03,2.24745029e-25
0.00084,-5.82207747e-24,1.02978455e+03,1.02602036e+03,2.24745029e-25
0.000845,-5.92151063e-24,1.02948486e+03,1.02602036e+03,2.24745029e-25
0.00085,-6.02094497e-24,1.02918506e+03,1.02602036e+03,2.24745029e-25
0.000855,-6.14696589e-24,1.02888635e+03,1.02452036e+03,6.66519477e-25
0.00086,-6.27298721e-24,1.02858752e+03,1.02452036e+03,6.66519477e-25
0.000865,-6.39900971e-24,1.02828882e+03,1.02452036e+03,6.66519477e-25
0.00087,-6.52503063e-24,1.02798999e+03,1.02452036e+03,6.66519477e-25
0.000875,-6.65105353e-24,1.02769128e+03,1.02302036e+03,1.96897418e-24
0.00088,-6.77707406e-24,1.02739258e+03,1.02302036e+03,1.96897418e-24
0.000885,-6.90309538e-24,1.02709375e+03,1.02302036e+03,1.96897418e-24
0.00089,-7.02911827e-24,1.02679504e+03,1.02302036e+03,1.96897418e-24
0.000895,-7.15513880e-24,1.02649622e+03,1.02302036e+03,1.96897418e-24
0.0009,-7.28116012e-24,1.02619751e+03,1.02302036e+03,1.96897418e-24
0.000905,-7.47656176e-24,1.02589929e+03,1.02152036e+03,5.78920179e-24
0.00091,-7.67196024e-24,1.02560095e+03,1.02152036e+03,5.78920179e-24
0.000915,-7.86735951e-24,1.02530273e+03,1.02152036e+03,5.78920179e-24
0.00092,-8.06276114e-24,1.02500452e+03,1.02152036e+03,5.78920179e-24
0.000925,-8.25816041e-24,1.02470630e+03,1.02152036e+03,5.78920179e-24
0.00093,-8.45355889e-24,1.02440796e+03,1.02002036e+03,1.69271142e-23
0.000935,-8.64896052e-24,1.02410974e+03,1.02002036e+03,1.69271142e-23
0.00094,-8.84435979e-24,1.02381146e+03,1.02002036e+03,1.69271142e-23
0.000945,-9.03975827e-24,1.02351324e+03,1.02002036e+03,1.69271142e-23
0.00095,-9.23515991e-24,1.02321497e+03,1.02002036e+03,1.69271142e-23
0.000955,-9.64117084e-24,1.02291644e+03,1.01852036e+03,4.91773066e-23
0.00096,-1.00471810e-23,1.02261798e+03,1.01852036e+03,4.91773066e-23
0.000965,-1.04531966e-23,1.02231946e+03,1.01852036e+03,4.91773066e-23
0.00097,-1.08592068e-23,1.02202100e+03,1.01852036e+03,4.91773066e-23
0.000975,-1.12652177e-23,1.02172247e+03,1.01852036e+03,4.91773066e-23
0.00098,-1.16712334e-23,1.02142395e+03,1.01702036e+03,1.41841895e-22
0.000985,-1.20772483e-23,1.02112549e+03,1.01702036e+03,1.41841895e-22
0.00099,-1.24832545e-23,1.02082697e+03,1.01702036e+03,1.41841895e-22
0.000995,-1.28892693e-23,1.02052850e+03,1.01702036e+03,1.41841895e-22
0.001,-1.32952850e-23,1.02022998e+03,1.01552036e+03,4.05845034e-22
0.001005,-1.43606022e-23,1.01993121e+03,1.01552036e+03,4.05845034e-22
0.00101,-1.54259431e-23,1.01963251e+03,1.01552036e+03,4.05845034e-22
0.001015,-1.64912840e-23,1.01933374e+03,1.01552036e+03,4.05845034e-22
0.00102,-1.75566012e-23,1.01903497e+03,1.01552036e+03,4.05845034e-22
0.001025,-1.86219420e-23,1.01873621e+03,1.01552036e+03,4.05845034e-22
0.00103,-1.96872845e-23,1.01843750e+03,1.01402036e+03,1.15110465e-21
0.001035,-2.07526017e-23,1.01813873e+03,1.01402036e+03,1.15110465e-21
0.00104,-2.18179426e-23,1.01783997e+03,1.01402036e+03,1.15110465e-21
0.001045,-2.28832834e-23,1.01754126e+03,1.01402036e+03,1.15110465e-21
0.00105,-2.39486007e-23,1.01724249e+03,1.01402036e+03,1.15110465e-21
0.001055,-2.70181042e-23,1.01694373e+03,1.01252036e+03,3.23430969e-21
0.00106,-3.00876062e-23,1.01664502e+03,1.01252036e+03,3.23430969e-21
0.001065,-3.31570387e-23,1.01634625e+03,1.01252036e+03,3.23430969e-21
0.00107,-3.62265407e-23,1.01604749e+03,1.01252036e+03,3.23430969e-21
0.001075,-3.92960458e-23,1.01574872e+03,1.01102036e+03,8.99721068e-21
0.00108,-4.23654751e-23,1.01545001e+03,1.01102036e+03,8.99721068e-21
0.001085,-4.54349803e-23,1.01515125e+03,1.01102036e+03,8.99721068e-21
0.00109,-4.85044822e-23,1.01485248e+03,1.01102036e+03,8.99721068e-21
0.001095,-5.15739148e-23,1.01455377e+03,1.01102036e+03,8.99721068e-21
0.0011,-5.46434167e-23,1.01425500e+03,1.01102036e+03,8.99721068e-21
0.001105,-6.34955594e-23,1.01395648e+03,1.00952036e+03,2.47671822e-20
0.00111,-7.23475002e-23,1.01365802e+03,1.00952036e+03,2.47671822e-20
0.001115,-8.11996429e-23,1.01335950e+03,1.00952036e+03,2.47671822e-20
0.00112,-9.00517919e-23,1.01306104e+03,1.00952036e+03,2.47671822e-20
0.001125,-9.89037263e-23,1.01276251e+03,1.00952036e+03,2.47671822e-20
0.00113,-1.07755875e-22,1.01246399e+03,1.00802036e+03,6.74382986e-20
0.001135,-1.16608018e-22,1.01216553e+03,1.00802036e+03,6.74382986e-20
0.00114,-1.25459959e-22,1.01186700e+03,1.00802036e+03,6.74382986e-20
0.001145,-1.34312101e-22,1.01156854e+03,1.00802036e+03,6.74382986e-20
0.00115,-1.43164244e-22,1.01127002e+03,1.00652036e+03,1.81573269e-19
0.001155,-1.67734851e-22,1.01097205e+03,1.00652036e+03,1.81573269e-19
0.00116,-1.92306025e-22,1.01067401e+03,1.00652036e+03,1.81573269e-19
0.001165,-2.16877199e-22,1.01037604e+03,1.00652036e+03,1.81573269e-19
0.00117,-2.41447806e-22,1.01007800e+03,1.00652036e+03,1.81573269e-19
0.001175,-2.66018993e-22,1.00978003e+03,1.00652036e+03,1.81573269e-19
0.00118,-2.90590155e-22,1.00948206e+03,1.00502036e+03,4.83281371e-19
0.001185,-3.15160761e-22,1.00918402e+03,1.00502036e+03,4.83281371e-19
0.00119,-3.39731948e-22,1.00888605e+03,1.00502036e+03,4.83281371e-19
0.001195,-3.64303110e-22,1.00858801e+03,1.00502036e+03,4.83281371e-19
0.0012,-3.88874297e-22,1.00829004e+03,1.00352036e+03,1.27136423e-18
0.001205,-4.53628746e-22,1.00799207e+03,1.00352036e+03,1.27136423e-18
0.00121,-5.18384760e-22,1.00769403e+03,1.00352036e+03,1.27136423e-18
0.001215,-5.83140723e-22,1.00739600e+03,1.00352036e+03,1.27136423e-18
0.00122,-6.47895172e-22,1.00709802e+03,1.00352036e+03,1.27136423e-18
0.001225,-7.12651136e-22,1.00680005e+03,1.00352036e+03,1.27136423e-18
0.00123,-7.77407150e-22,1.00650201e+03,1.00202036e+03,3.30529109e-18
0.001235,-8.42161599e-22,1.00620404e+03,1.00202036e+03,3.30529109e-18
0.00124,-9.06917613e-22,1.00590601e+03,1.00202036e+03,3.30529109e-18
0.001245,-9.71673576e-22,1.00560797e+03,1.00202036e+03,3.30529109e-18
0.00125,-1.03642803e-21,1.00531000e+03,1.00202036e+03,3.30529109e-18
0.001255,-1.19785729e-21,1.00501202e+03,1.00052036e+03,8.49168412e-18
0.00126,-1.35928655e-21,1.00471399e+03,1.00052036e+03,8.49168412e-18
0.001265,-1.52071198e-21,1.00441602e+03,1.00052036e+03,8.49168412e-18
0.00127,-1.68214125e-21,1.00411798e+03,1.00052036e+03,8.49168412e-18
0.001275,-1.84357051e-21,1.00382001e+03,9.99020363e+02,2.15586278e-17
0.00128,-2.00499594e-21,1.00352203e+03,9.99020363e+02,2.15586278e-17
0.001285,-2.16642520e-21,1.00322400e+03,9.99020363e+02,2.15586278e-17
0.00129,-2.32785447e-21,1.00292603e+03,9.99020363e+02,2.15586278e-17
0.001295,-2.48927989e-21,1.00262799e+03,9.99020363e+02,2.15586278e-17
0.0013,-2.65070916e-21,1.00233002e+03,9.99020363e+02,2.15586278e-17
0.001305,-3.03129585e-21,1.00203162e+03,9.97520363e+02,5.40894087e-17
0.00131,-3.41187365e-21,1.00173328e+03,9.97520363e+02,5.40894087e-17
0.001315,-3.79246034e-21,1.00143488e+03,9.97520363e+02,5.40894087e-17
0.00132,-4.17304703e-21,1.00113654e+03,9.97520363e+02,5.40894087e-17
0.001325,-4.55362523e-21,1.00083813e+03,9.97520363e+02,5.40894087e-17
0.00133,-4.93421192e-21,1.00053973e+03,9.96020363e+02,1.34124354e-16
0.001335,-5.31479861e-21,1.00024139e+03,9.96020363e+02,1.34124354e-16
0.00134,-5.69537641e-21,9.99942993e+02,9.96020363e+02,1.34124354e-16
0.001345,-6.07596310e-21,9.99644653e+02,9.96020363e+02,1.34124354e-16
0.00135,-6.45654979e-21,9.99346252e+02,9.94520363e+02,3.28749951e-16
0.001355,-7.30583042e-21,9.99047485e+02,9.94520363e+02,3.28749951e-16
0.00136,-8.15513165e-21,9.98748718e+02,9.94520363e+02,3.28749951e-16
0.001365,-9.00443208e-21,9.98449951e+02,9.94520363e+02,3.28749951e-16
0.00137,-9.85371311e-21,9.98151184e+02,9.94520363e+02,3.28749951e-16
0.001375,-1.07030135e-20,9.97852417e+02,9.94520363e+02,3.28749951e-16
0.00138,-1.15523140e-20,9.97553589e+02,9.93020363e+02,7.96637928e-16
0.001385,-1.24015950e-20,9.97254822e+02,9.93020363e+02,7.96637928e-16
0.00139,-1.32508954e-20,9.96956055e+02,9.93020363e+02,7.96637928e-16
0.001395,-1.41001967e-20,9.96657288e+02,9.93020363e+02,7.96637928e-16
0.0014,-1.49494769e-20,9.96358521e+02,9.93020363e+02,7.96637928e-16
0.001405,-1.67461067e-20,9.96059631e+02,9.91520363e+02,1.90889852e-15
0.00141,-1.85427365e-20,9.95760742e+02,9.91520363e+02,1.90889852e-15
0.001415,-2.03393244e-20,9.95461914e+02,9.91520363e+02,1.90889852e-15
0.00142,-2.21359542e-20,9.95163025e+02,9.91520363e+02,1.90889852e-15
0.001425,-2.39325840e-20,9.94864136e+02,9.91520363e+02,1.90889852e-15
0.00143,-2.57291718e-20,9.94565247e+02,9.90020363e+02,4.52412023e-15
0.001435,-2.75258017e-20,9.94266357e+02,9.90020363e+02,4.52412023e-15
0.00144,-2.93224315e-20,9.93967529e+02,9.90020363e+02,4.52412023e-15
0.001445,-3.11190193e-20,9.93668640e+02,9.90020363e+02,4.52412023e-15
0.00145,-3.29156491e-20,9.93369751e+02,9.90020363e+02,4.52412023e-15
0.001455,-3.65247609e-20,9.93070801e+02,9.88520363e+02,1.06079177e-14
0.00146,-4.01338695e-20,9.92771912e+02,9.88520363e+02,1.06079177e-14
0.001465,-4.37428973e-20,9.92472961e+02,9.88520363e+02,1.06079177e-14
0.00147,-4.73520059e-20,9.92174072e+02,9.88520363e+02,1.06079177e-14
0.001475,-5.09611177e-20,9.91875122e+02,9.87020363e+02,2.46148732e-14
0.00148,-5.45701454e-20,9.91576172e+02,9.87020363e+02,2.46148732e-14
0.001485,-5.81792572e-20,9.91277283e+02,9.87020363e+02,2.46148732e-14
0.00149,-6.17883626e-20,9.90978333e+02,9.87020363e+02,2.46148732e-14
0.001495,-6.53973904e-20,9.90679443e+02,9.87020363e+02,2.46148732e-14
0.0015,-6.90065022e-20,9.90380493e+02,9.87020363e+02,2.46148732e-14
0.001505,-7.59029137e-20,9.90081421e+02,9.85520363e+02,5.65423612e-14
0.00151,-8.27991637e-20,9.89782288e+02,9.85520363e+02,5.65423612e-14
0.001515,-8.96955688e-20,9.89483215e+02,9.85520363e+02,5.65423612e-14
0.00152,-9.65919804e-20,9.89184082e+02,9.85520363e+02,5.65423612e-14
0.001525,-1.03488230e-19,9.88885010e+02,9.85520363e+02,5.65423612e-14
0.00153,-1.10384642e-19,9.88585938e+02,9.84020363e+02,1.28619406e-13
0.001535,-1.17281054e-19,9.88286804e+02,9.84020363e+02,1.28619406e-13
0.00154,-1.24177297e-19,9.87987732e+02,9.84020363e+02,1.28619406e-13
0.001545,-1.31073709e-19,9.87688599e+02,9.84020363e+02,1.28619406e-13
0.00155,-1.37970120e-19,9.87389526e+02,9.82520363e+02,2.89835706e-13
0.001555,-1.50526515e-19,9.87089966e+02,9.82520363e+02,2.89835706e-13
0.00156,-1.63083207e-19,9.86790344e+02,9.82520363e+02,2.89835706e-13
0.001565,-1.75639899e-19,9.86490784e+02,9.82520363e+02,2.89835706e-13
0.00157,-1.88196294e-19,9.86191223e+02,9.82520363e+02,2.89835706e-13
0.001575,-2.00752987e-19,9.85891602e+02,9.81020363e+02,6.47254862e-13
0.00158,-2.13309666e-19,9.85592041e+02,9.81020363e+02,6.47254862e-13
0.001585,-2.25866061e-19,9.85292480e+02,9.81020363e+02,6.47254862e-13
0.00159,-2.38422766e-19,9.84992920e+02,9.81020363e+02,6.47254862e-13
0.001595,-2.50979445e-19,9.84693298e+02,9.81020363e+02,6.47254862e-13
0.0016,-2.63535840e-19,9.84393738e+02,9.81020363e+02,6.47254862e-13
0.001605,-2.85359760e-19,9.84093384e+02,9.79520363e+02,1.43301247e-12
0.00161,-3.07183679e-19,9.83793091e+02,9.79520363e+02,1.43301247e-12
0.001615,-3.29007082e-19,9.83492798e+02,9.79520363e+02,1.43301247e-12
0.00162,-3.50831002e-19,9.83192444e+02,9.79520363e+02,1.43301247e-12
0.001625,-3.72654896e-19,9.82892090e+02,9.78020363e+02,3.14670660e-12
0.00163,-3.94478298e-19,9.82591797e+02,9.78020363e+02,3.14670660e-12
0.001635,-4.16302218e-19,9.82291443e+02,9.78020363e+02,3.14670660e-12
0.00164,-4.38126138e-19,9.81991150e+02,9.78020363e+02,3.14670660e-12
0.001645,-4.59949540e-19,9.81690857e+02,9.78020363e+02,3.14670660e-12
0.00165,-4.81773460e-19,9.81390503e+02,9.78020363e+02,3.14670660e-12
0.001655,-5.18054170e-19,9.81089111e+02,9.76520363e+02,6.85616183e-12
0.00166,-5.54334054e-19,9.80787781e+02,9.76520363e+02,6.85616183e-12
0.001665,-5.90614816e-19,9.80486389e+02,9.76520363e+02,6.85616183e-12
0.00167,-6.26895526e-19,9.80184998e+02,9.76520363e+02,6.85616183e-12
0.001675,-6.63175409e-19,9.79883667e+02,9.76520363e+02,6.85616183e-12
0.00168,-6.99456171e-19,9.79582275e+02,9.75020363e+02,1.48291718e-11
0.001685,-7.35736882e-19,9.79280884e+02,9.75020363e+02,1.48291718e-11
0.00169,-7.72016765e-19,9.78979492e+02,9.75020363e+02,1.48291718e-11
0.001695,-8.08297527e-19,9.78678162e+02,9.75020363e+02,1.48291718e-11
0.0017,-8.44578237e-19,9.78376770e+02,9.75020363e+02,1.48291718e-11
0.001705,-9.02404004e-19,9.78073730e+02,9.73520363e+02,3.18537718e-11
0.00171,-9.60231167e-19,9.77770691e+02,9.73520363e+02,3.18537718e-11
0.001715,-1.01805823e-18,9.77467712e+02,9.73520363e+02,3.18537718e-11
0.00172,-1.07588404e-18,9.77164673e+02,9.73520363e+02,3.18537718e-11
0.001725,-1.13371121e-18,9.76861633e+02,9.73520363e+02,3.18537718e-11
0.00173,-1.19153827e-18,9.76558594e+02,9.72020363e+02,6.79850691e-11
0.001735,-1.24936543e-18,9.76255554e+02,9.72020363e+02,6.79850691e-11
0.00174,-1.30719125e-18,9.75952576e+02,9.72020363e+02,6.79850691e-11
0.001745,-1.36501831e-18,9.75649536e+02,9.72020363e+02,6.79850691e-11
0.00175,-1.42284547e-18,9.75346497e+02,9.70520363e+02,1.44237338e-10
0.001755,-1.51146598e-18,9.75040527e+02,9.70520363e+02,1.44237338e-10
0.00176,-1.60008846e-18,9.74734558e+02,9.70520363e+02,1.44237338e-10
0.001765,-1.68871093e-18,9.74428589e+02,9.70520363e+02,1.44237338e-10
0.00177,-1.77733155e-18,9.74122620e+02,9.70520363e+02,1.44237338e-10
0.001775,-1.86595403e-18,9.73816650e+02,9.70520363e+02,1.44237338e-10
0.00178,-1.95457650e-18,9.73510620e+02,9.69020363e+02,3.04338468e-10
0.001785,-2.04319691e-18,9.73204651e+02,9.69020363e+02,3.04338468e-10
0.00179,-2.13181939e-18,9.72898682e+02,9.69020363e+02,3.04338468e-10
0.001795,-2.22044207e-18,9.72592712e+02,9.69020363e+02,3.04338468e-10
0.0018,-2.30906248e-18,9.72286743e+02,9.69020363e+02,3.04338468e-10
0.001805,-2.44009451e-18,9.71976013e+02,9.67520363e+02,6.38930643e-10
0.00181,-2.57112633e-18,9.71665344e+02,9.67520363e+02,6.38930643e-10
0.001815,-2.70215525e-18,9.71354675e+02,9.67520363e+02,6.38930643e-10
0.00182,-2.83318707e-18,9.71043945e+02,9.67520363e+02,6.38930643e-10
0.001825,-2.96421910e-18,9.70733215e+02,9.66020363e+02,1.33526832e-09
0.00183,-3.09524802e-18,9.70422546e+02,9.66020363e+02,1.33526832e-09
0.001835,-3.22627984e-18,9.70111816e+02,9.66020363e+02,1.33526832e-09
0.00184,-3.35731187e-18,9.69801147e+02,9.66020363e+02,1.33526832e-09
0.001845,-3.48834058e-18,9.69490479e+02,9.66020363e+02,1.33526832e-09
0.00185,-3.61937261e-18,9.69179749e+02,9.66020363e+02,1.33526832e-09
0.001855,-3.80697345e-18,9.68862122e+02,9.64520362e+02,2.77905654e-09
0.00186,-3.99457016e-18,9.68544495e+02,9.64520362e+02,2.77905654e-09
0.001865,-4.18217141e-18,9.68226868e+02,9.64520362e+02,2.77905654e-09
0.00187,-4.36977225e-18,9.67909241e+02,9.64520362e+02,2.77905654e-09
0.001875,-4.55736896e-18,9.67591614e+02,9.64520362e+02,2.77905654e-09
0.00188,-4.74497021e-18,9.67273987e+02,9.63020360e+02,5.76275712e-09
0.001885,-4.93257105e-18,9.66956360e+02,9.63020360e+02,5.76275712e-09
0.00189,-5.12016776e-18,9.66638733e+02,9.63020360e+02,5.76275712e-09
0.001895,-5.30776901e-18,9.66321106e+02,9.63020360e+02,5.76275712e-09
0.0019,-5.49536985e-18,9.66003479e+02,9.61520357e+02,1.19110431e-08
0.001905,-5.75632300e-18,9.65676270e+02,9.61520357e+02,1.19110431e-08
0.00191,-6.01728277e-18,9.65349060e+02,9.61520357e+02,1.19110431e-08
0.001915,-6.27824212e-18,9.65021790e+02,9.61520357e+02,1.19110431e-08
0.00192,-6.53919527e-18,9.64694580e+02,9.61520357e+02,1.19110431e-08
0.001925,-6.80015504e-18,9.64367371e+02,9.61520357e+02,1.19110431e-08
0.00193,-7.06111398e-18,9.64040161e+02,9.60020349e+02,2.45487299e-08
0.001935,-7.32206795e-18,9.63712952e+02,9.60020349e+02,2.45487299e-08
0.00194,-7.58302689e-18,9.63385681e+02,9.60020349e+02,2.45487299e-08
0.001945,-7.84398666e-18,9.63058472e+02,9.60020349e+02,2.45487299e-08
0.00195,-8.10493981e-18,9.62731262e+02,9.60020349e+02,2.45487299e-08
0.001955,-8.45818233e-18,9.62391052e+02,9.58520335e+02,5.04696831e-08
0.00196,-8.81142484e-18,9.62050903e+02,9.58520335e+02,5.04696831e-08
0.001965,-9.16466736e-18,9.61710693e+02,9.58520335e+02,5.04696831e-08
0.00197,-9.51790988e-18,9.61370544e+02,9.58520335e+02,5.04696831e-08
0.001975,-9.87113585e-18,9.61030396e+02,9.58520335e+02,5.04696831e-08
0.00198,-1.02243775e-17,9.60690186e+02,9.57020303e+02,1.03539293e-07
0.001985,-1.05776201e-17,9.60350037e+02,9.57020303e+02,1.03539293e-07
0.00199,-1.09308626e-17,9.60009827e+02,9.57020303e+02,1.03539293e-07
0.001995,-1.12841051e-17,9.59669678e+02,9.57020303e+02,1.03539293e-07
0.002,-1.16373476e-17,9.59329468e+02,9.55520239e+02,2.12026885e-07
0.002005,-1.21014456e-17,9.58972290e+02,9.55520239e+02,2.12026885e-07
0.00201,-1.25655650e-17,9.58615112e+02,9.55520239e+02,2.12026885e-07
0.002015,-1.30296853e-17,9.58257935e+02,9.55520239e+02,2.12026885e-07
0.00202,-1.34938048e-17,9.57900757e+02,9.55520239e+02,2.12026885e-07
0.002025,-1.39579251e-17,9.57543579e+02,9.54020106e+02,4.33523430e-07
0.00203,-1.44220445e-17,9.57186462e+02,9.54020106e+02,4.33523430e-07
0.002035,-1.48861425e-17,9.56829285e+02,9.54020106e+02,4.33523430e-07
0.00204,-1.53502619e-17,9.56472107e+02,9.54020106e+02,4.33523430e-07
0.002045,-1.58143814e-17,9.56114929e+02,9.54020106e+02,4.33523430e-07
0.00205,-1.62785009e-17,9.55757751e+02,9.54020106e+02,4.33523430e-07
0.002055,-1.68642655e-17,9.55379761e+02,9.52519830e+02,8.85281550e-07
0.00206,-1.74500318e-17,9.55001770e+02,9.52519830e+02,8.85281550e-07
0.002065,-1.80357700e-17,9.54623840e+02,9.52519830e+02,8.85281550e-07
0.00207,-1.86215363e-17,9.54245850e+02,9.52519830e+02,8.85281550e-07
0.002075,-1.92073009e-17,9.53867920e+02,9.52519830e+02,8.85281550e-07
0.00208,-1.97930656e-17,9.53489929e+02,9.51019260e+02,1.80590680e-06
0.002085,-2.03788319e-17,9.53111938e+02,9.51019260e+02,1.80590680e-06
0.00209,-2.09645965e-17,9.52733948e+02,9.51019260e+02,1.80590680e-06
0.002095,-2.15503363e-17,9.52356018e+02,9.51019260e+02,1.80590680e-06
0.0021,-2.21361010e-17,9.51978027e+02,9.51019260e+02,1.80590680e-06
0.002105,-2.28294917e-17,9.51577576e+02,9.49518083e+02,3.68077425e-06
0.00211,-2.35228825e-17,9.51177185e+02,9.49518083e+02,3.68077425e-06
0.002115,-2.42162733e-17,9.50776733e+02,9.49518083e+02,3.68077425e-06
0.00212,-2.49096640e-17,9.50376282e+02,9.49518083e+02,3.68077425e-06
0.002125,-2.56030548e-17,9.49975891e+02,9.48015653e+02,7.49696317e-06
0.00213,-2.62964125e-17,9.49575500e+02,9.48015653e+02,7.49696317e-06
0.002135,-2.69898032e-17,9.49175049e+02,9.48015653e+02,7.49696317e-06
0.00214,-2.76831940e-17,9.48774597e+02,9.48015653e+02,7.49696317e-06
0.002145,-2.83765864e-17,9.48374207e+02,9.48015653e+02,7.49696317e-06
0.00215,-2.90699755e-17,9.47973755e+02,9.46510637e+02,1.52614087e-05
0.002155,-2.98028344e-17,9.47555237e+02,9.46510637e+02,1.52614087e-05
0.00216,-3.05356602e-17,9.47136719e+02,9.46510637e+02,1.52614087e-05
0.002165,-3.12685190e-17,9.46718201e+02,9.46510637e+02,1.52614087e-05
0.00217,-3.20013779e-17,9.46299683e+02,9.46510637e+02,1.52614087e-05
0.002175,-3.27342368e-17,9.45881104e+02,9.45000291e+02,3.10539339e-05
0.00218,-3.34670989e-17,9.45462585e+02,9.45000291e+02,3.10539339e-05
0.002185,-3.41999578e-17,9.45044067e+02,9.45000291e+02,3.10539339e-05
0.00219,-3.49327836e-17,9.44625549e+02,9.45000291e+02,3.10539339e-05
0.002195,-3.56656424e-17,9.44207031e+02,9.45000291e+02,3.10539339e-05
0.0022,-3.63985013e-17,9.43788513e+02,9.45000291e+02,3.10539339e-05
0.002205,-3.70142843e-17,9.43367920e+02,9.43478953e+02,6.31670407e-05
0.00221,-3.76300673e-17,9.42947327e+02,9.43478953e+02,6.31670407e-05
0.002215,-3.82458504e-17,9.42526733e+02,9.43478953e+02,6.31670407e-05
0.00222,-3.88616036e-17,9.42106140e+02,9.43478953e+02,6.31670407e-05
0.002225,-3.94773866e-17,9.41685547e+02,9.43478953e+02,6.31670407e-05
0.00223,-4.00931730e-17,9.41264893e+02,9.41934954e+02,1.28453140e-04
0.002235,-4.07089560e-17,9.40844299e+02,9.41934954e+02,1.28453140e-04
0.00224,-4.13247390e-17,9.40423706e+02,9.41934954e+02,1.28453140e-04
0.002245,-4.19405221e-17,9.40003113e+02,9.41934954e+02,1.28453140e-04
0.00225,-4.25562753e-17,9.39582520e+02,9.41934954e+02,1.28453140e-04
0.002255,-4.28038935e-17,9.39201477e+02,9.40344247e+02,2.61153072e-04
0.00226,-4.30515116e-17,9.38820435e+02,9.40344247e+02,2.61153072e-04
0.002265,-4.32991298e-17,9.38439453e+02,9.40344247e+02,2.61153072e-04
0.00227,-4.35467513e-17,9.38058411e+02,9.40344247e+02,2.61153072e-04
0.002275,-4.37943695e-17,9.37677368e+02,9.38657301e+02,5.30811871e-04
0.00228,-4.40419744e-17,9.37296326e+02,9.38657301e+02,5.30811871e-04
0.002285,-4.42895959e-17,9.36915283e+02,9.38657301e+02,5.30811871e-04
0.00229,-4.45372141e-17,9.36534302e+02,9.38657301e+02,5.30811871e-04
0.002295,-4.47848322e-17,9.36153259e+02,9.38657301e+02,5.30811871e-04
0.0023,-4.50324504e-17,9.35772217e+02,9.36772168e+02,1.07857990e-03
0.002305,-4.46481787e-17,9.35532959e+02,9.36772168e+02,1.07857990e-03
0.00231,-4.42639268e-17,9.35293762e+02,9.36772168e+02,1.07857990e-03
0.002315,-4.38796551e-17,9.35054504e+02,9.36772168e+02,1.07857990e-03
0.00232,-4.34953834e-17,9.34815247e+02,9.36772168e+02,1.07857990e-03
0.002325,-4.31111117e-17,9.34575989e+02,9.36772168e+02,1.07857990e-03
0.00233,-4.27268433e-17,9.34336731e+02,9.34479362e+02,2.19053868e-03
0.002335,-4.23425715e-17,9.34097473e+02,9.34479362e+02,2.19053868e-03
0.00234,-4.19583197e-17,9.33858276e+02,9.34479362e+02,2.19053868e-03
0.002345,-4.15740480e-17,9.33619019e+02,9.34479362e+02,2.19053868e-03
0.00235,-4.11897762e-17,9.33379761e+02,9.34479362e+02,2.19053868e-03
0.002355,-4.00980732e-17,9.33523560e+02,9.31349817e+02,4.44487681e-03
0.00236,-3.90063701e-17,9.33667358e+02,9.31349817e+02,4.44487681e-03
0.002365,-3.79146671e-17,9.33811157e+02,9.31349817e+02,4.44487681e-03
0.00237,-3.68230170e-17,9.33954956e+02,9.31349817e+02,4.44487681e-03
0.002375,-3.57313139e-17,9.34098755e+02,9.31349817e+02,4.44487681e-03
0.00238,-3.46396109e-17,9.34242554e+02,9.26510542e+02,9.00345175e-03
0.002385,-3.35479079e-17,9.34386353e+02,9.26510542e+02,9.00345175e-03
0.00239,-3.24562048e-17,9.34530151e+02,9.26510542e+02,9.00345175e-03
0.002395,-3.13645018e-17,9.34673950e+02,9.26510542e+02,9.00345175e-03
0.0024,-3.02727987e-17,9.34817749e+02,9.18209253e+02,1.81737583e-02
0.002405,-2.87685608e-17,9.35619324e+02,9.18209253e+02,1.81737583e-02
0.00241,-2.72642551e-17,9.36420898e+02,9.18209253e+02,1.81737583e-02
0.002415,-2.57599494e-17,9.37222473e+02,9.18209253e+02,1.81737583e-02
0.00242,-2.42556421e-17,9.38024048e+02,9.18209253e+02,1.81737583e-02
0.002425,-2.27513364e-17,9.38825623e+02,9.03025433e+02,3.64294731e-02
0.00243,-2.12470307e-17,9.39627197e+02,9.03025433e+02,3.64294731e-02
0.002435,-1.97427928e-17,9.40428772e+02,9.03025433e+02,3.64294731e-02
0.00244,-1.82384871e-17,9.41230347e+02,9.03025433e+02,3.64294731e-02
0.002445,-1.67341798e-17,9.42031921e+02,9.03025433e+02,3.64294731e-02
0.00245,-1.52298741e-17,9.42833496e+02,8.74659488e+02,7.20200735e-02
0.002455,1.17438601e-03,9.42010010e+02,8.74659488e+02,7.20200735e-02
0.00246,2.34877202e-03,9.41186584e+02,8.74659488e+02,7.20200735e-02
0.002465,3.52310319e-03,9.40363159e+02,8.74659488e+02,7.20200735e-02
0.00247,4.69748909e-03,9.39539734e+02,8.74659488e+02,7.20200735e-02
0.002475,5.87187521e-03,9.38716248e+02,8.74659488e+02,7.20200735e-02
0.00248,7.04626134e-03,9.37892761e+02,8.22881948e+02,1.38607387e-01
0.002485,8.22064746e-03,9.37069336e+02,8.22881948e+02,1.38607387e-01
0.00249,9.39503312e-03,9.36245850e+02,8.22881948e+02,1.38607387e-01
0.002495,1.05693648e-02,9.35422485e+02,8.22881948e+02,1.38607387e-01
0.0025,1.17437504e-02,9.34598999e+02,8.22881948e+02,1.38607387e-01
0.002505,3.82570475e-02,9.07048706e+02,7.35455761e+02,2.53765417e-01
0.00251,6.47703484e-02,8.79498413e+02,7.35455761e+02,2.53765417e-01
0.002515,9.12836418e-02,8.51948181e+02,7.35455761e+02,2.53765417e-01
0.00252,1.17796943e-01,8.24397888e+02,7.35455761e+02,2.53765417e-01
0.002525,1.44308999e-01,7.96848877e+02,7.35455761e+02,2.53765417e-01
0.00253,1.70822307e-01,7.69298584e+02,6.08932902e+02,4.26606034e-01
0.002535,1.97335601e-01,7.41748291e+02,6.08932902e+02,4.26606034e-01
0.00254,2.23848894e-01,7.14198059e+02,6.08932902e+02,4.26606034e-01
0.002545,2.50362188e-01,6.86647766e+02,6.08932902e+02,4.26606034e-01
0.00255,2.76875496e-01,6.59097473e+02,4.66415573e+02,6.32621919e-01
0.002555,3.25135887e-01,6.26094849e+02,4.66415573e+02,6.32621919e-01
0.00256,3.73398542e-01,5.93090759e+02,4.66415573e+02,6.32621919e-01
0.002565,4.21661198e-01,5.60086609e+02,4.66415573e+02,6.32621919e-01
0.00257,4.69923854e-01,5.27082458e+02,4.66415573e+02,6.32621919e-01
0.002575,5.18186510e-01,4.94078369e+02,3.51459809e+02,8.11207394e-01
0.00258,5.66449165e-01,4.61074219e+02,3.51459809e+02,8.11207394e-01
0.002585,6.14709556e-01,4.28071625e+02,3.51459809e+02,8.11207394e-01
0.00259,6.62972212e-01,3.95067505e+02,3.51459809e+02,8.11207394e-01
0.002595,7.11234868e-01,3.62063354e+02,3.51459809e+02,8.11207394e-01
0.0026,7.59497523e-01,3.29059235e+02,3.51459809e+02,8.11207394e-01
0.002605,7.82984555e-01,3.21814026e+02,2.85760573e+02,9.20299383e-01
0.00261,8.06471586e-01,3.14568817e+02,2.85760573e+02,9.20299383e-01
0.002615,8.29957545e-01,3.07323914e+02,2.85760573e+02,9.20299383e-01
0.00262,8.53444576e-01,3.00078705e+02,2.85760573e+02,9.20299383e-01
0.002625,8.76931667e-01,2.92833496e+02,2.85760573e+02,9.20299383e-01
0.00263,9.00418699e-01,2.85588287e+02,2.56579679e+02,9.70266931e-01
0.002635,9.23905730e-01,2.78343079e+02,2.56579679e+02,9.70266931e-01
0.00264,9.47392762e-01,2.71097839e+02,2.56579679e+02,9.70266931e-01
0.002645,9.70878720e-01,2.63852966e+02,2.56579679e+02,9.70266931e-01
0.00265,9.94365752e-01,2.56607758e+02,2.56579679e+02,9.70266931e-01
0.002655,9.94929194e-01,2.55882172e+02,2.44838841e+02,9.89530107e-01
0.00266,9.95492578e-01,2.55156601e+02,2.44838841e+02,9.89530107e-01
0.002665,9.96056020e-01,2.54431015e+02,2.44838841e+02,9.89530107e-01
0.00267,9.96619463e-01,2.53705444e+02,2.44838841e+02,9.89530107e-01
0.002675,9.97182906e-01,2.52979858e+02,2.39795280e+02,9.96395132e-01
0.00268,9.97746289e-01,2.52254303e+02,2.39795280e+02,9.96395132e-01
0.002685,9.98309731e-01,2.51528732e+02,2.39795280e+02,9.96395132e-01
0.00269,9.98873174e-01,2.50803146e+02,2.39795280e+02,9.96395132e-01
0.002695,9.99436557e-01,2.50077576e+02,2.39795280e+02,9.96395132e-01
0.0027,1.00000000e+00,2.49351990e+02,2.37099668e+02,9.98768747e-01
0.002705,1.00000000e+00,2.48718155e+02,2.37099668e+02,9.98768747e-01
0.00271,1.00000000e+00,2.48084366e+02,2.37099668e+02,9.98768747e-01
0.002715,1.00000000e+00,2.47450531e+02,2.37099668e+02,9.98768747e-01
0.00272,1.00000000e+00,2.46816696e+02,2.37099668e+02,9.98768747e-01
0.002725,1.00000000e+00,2.46182861e+02,2.35199842e+02,9.99580630e-01
0.00273,1.00000000e+00,2.45549042e+02,2.35199842e+02,9.99580630e-01
0.002735,1.00000000e+00,2.44915207e+02,2.35199842e+02,9.99580630e-01
0.00274,1.00000000e+00,2.44281403e+02,2.35199842e+02,9.99580630e-01
0.002745,1.00000000e+00,2.43647583e+02,2.35199842e+02,9.99580630e-01
0.00275,1.00000000e+00,2.43013748e+02,2.35199842e+02,9.99580630e-01
0.002755,1.00000000e+00,2.42478622e+02,2.33566545e+02,9.99857297e-01
0.00276,1.00000000e+00,2.41943497e+02,2.33566545e+02,9.99857297e-01
0.002765,1.00000000e+00,2.41408356e+02,2.33566545e+02,9.99857297e-01
0.00277,1.00000000e+00,2.40873260e+02,2.33566545e+02,9.99857297e-01
0.002775,1.00000000e+00,2.40338135e+02,2.33566545e+02,9.99857297e-01
0.00278,1.00000000e+00,2.39802994e+02,2.32022153e+02,9.99951457e-01
0.002785,1.00000000e+00,2.39267868e+02,2.32022153e+02,9.99951457e-01
0.00279,1.00000000e+00,2.38732742e+02,2.32022153e+02,9.99951457e-01
0.002795,1.00000000e+00,2.38197617e+02,2.32022153e+02,9.99951457e-01
0.0028,1.00000000e+00,2.37662506e+02,2.32022153e+02,9.99951457e-01
0.002805,1.00000000e+00,2.37186371e+02,2.30507374e+02,9.99983489e-01
0.00281,1.00000000e+00,2.36710251e+02,2.30507374e+02,9.99983489e-01
0.002815,1.00000000e+00,2.36234116e+02,2.30507374e+02,9.99983489e-01
0.00282,1.00000000e+00,2.35757996e+02,2.30507374e+02,9.99983489e-01
0.002825,1.00000000e+00,2.35281860e+02,2.29002455e+02,9.99994384e-01
0.00283,1.00000000e+00,2.34805756e+02,2.29002455e+02,9.99994384e-01
0.002835,1.00000000e+00,2.34329636e+02,2.29002455e+02,9.99994384e-01
0.00284,1.00000000e+00,2.33853500e+02,2.29002455e+02,9.99994384e-01
0.002845,1.00000000e+00,2.33377380e+02,2.29002455e+02,9.99994384e-01
0.00285,1.00000000e+00,2.32901245e+02,2.27500817e+02,9.99998090e-01
0.002855,1.00000000e+00,2.32470413e+02,2.27500817e+02,9.99998090e-01
0.00286,1.00000000e+00,2.32039612e+02,2.27500817e+02,9.99998090e-01
0.002865,1.00000000e+00,2.31608780e+02,2.27500817e+02,9.99998090e-01
0.00287,1.00000000e+00,2.31177948e+02,2.27500817e+02,9.99998090e-01
0.002875,1.00000000e+00,2.30747131e+02,2.27500817e+02,9.99998090e-01
0.00288,1.00000000e+00,2.30316299e+02,2.26000272e+02,9.99999350e-01
0.002885,1.00000000e+00,2.29885468e+02,2.26000272e+02,9.99999350e-01
0.00289,1.00000000e+00,2.29454666e+02,2.26000272e+02,9.99999350e-01
0.002895,1.00000000e+00,2.29023834e+02,2.26000272e+02,9.99999350e-01
0.0029,1.00000000e+00,2.28593002e+02,2.26000272e+02,9.99999350e-01
0.002905,1.00000000e+00,2.28198273e+02,2.24500091e+02,9.99999779e-01
0.00291,1.00000000e+00,2.27803543e+02,2.24500091e+02,9.99999779e-01
0.002915,1.00000000e+00,2.27408829e+02,2.24500091e+02,9.99999779e-01
0.00292,1.00000000e+00,2.27014099e+02,2.24500091e+02,9.99999779e-01
0.002925,1.00000000e+00,2.26619385e+02,2.24500091e+02,9.99999779e-01
0.00293,1.00000000e+00,2.26224655e+02,2.23000030e+02,9.99999925e-01
0.002935,1.00000000e+00,2.25829926e+02,2.23000030e+02,9.99999925e-01
0.00294,1.00000000e+00,2.25435211e+02,2.23000030e+02,9.99999925e-01
0.002945,1.00000000e+00,2.25040482e+02,2.23000030e+02,9.99999925e-01
0.00295,1.00000000e+00,2.24645752e+02,2.21500010e+02,9.99999974e-01
0.002955,1.00000000e+00,2.24278458e+02,2.21500010e+02,9.99999974e-01
0.00296,1.00000000e+00,2.23911163e+02,2.21500010e+02,9.99999974e-01
0.002965,1.00000000e+00,2.23543854e+02,2.21500010e+02,9.99999974e-01
0.00297,1.00000000e+00,2.23176559e+02,2.21500010e+02,9.99999974e-01
0.002975,1.00000000e+00,2.22809250e+02,2.20000003e+02,9.99999991e-01
0.00298,1.00000000e+00,2.22441940e+02,2.20000003e+02,9.99999991e-01
0.002985,1.00000000e+00,2.22074661e+02,2.20000003e+02,9.99999991e-01
0.00299,1.00000000e+00,2.21707352e+02,2.20000003e+02,9.99999991e-01
0.002995,1.00000000e+00,2.21340057e+02,2.20000003e+02,9.99999991e-01
0.003,1.00000000e+00,2.20972748e+02,2.18500001e+02,9.99999997e-01
0.003005,1.00000000e+00,2.20625839e+02,2.18500001e+02,9.99999997e-01
0.00301,1.00000000e+00,2.20278946e+02,2.18500001e+02,9.99999997e-01
0.003015,1.00000000e+00,2.19932053e+02,2.18500001e+02,9.99999997e-01
0.00302,1.00000000e+00,2.19585159e+02,2.18500001e+02,9.99999997e-01
0.003025,1.00000000e+00,2.19238251e+02,2.18500001e+02,9.99999997e-01
0.00303,1.00000000e+00,2.18891342e+02,2.17000000e+02,9.99999999e-01
0.003035,1.00000000e+00,2.18544449e+02,2.17000000e+02,9.99999999e-01
0.00304,1.00000000e+00,2.18197540e+02,2.17000000e+02,9.99999999e-01
0.003045,1.00000000e+00,2.17850662e+02,2.17000000e+02,9.99999999e-01
0.00305,1.00000000e+00,2.17503754e+02,2.17000000e+02,9.99999999e-01
0.003055,1.00000000e+00,2.17171829e+02,2.15500000e+02,1.00000000e+00
0.00306,1.00000000e+00,2.16839905e+02,2.15500000e+02,1.00000000e+00
0.003065,1.00000000e+00,2.16507965e+02,2.15500000e+02,1.00000000e+00
0.00307,1.00000000e+00,2.16176041e+02,2.15500000e+02,1.00000000e+00
0.003075,1.00000000e+00,2.15844131e+02,2.15500000e+02,1.00000000e+00
0.00308,1.00000000e+00,2.15512207e+02,2.14000000e+02,1.00000000e+00
0.003085,1.00000000e+00,2.15180283e+02,2.14000000e+02,1.00000000e+00
0.00309,1.00000000e+00,2.14848343e+02,2.14000000e+02,1.00000000e+00
0.003095,1.00000000e+00,2.14516418e+02,2.14000000e+02,1.00000000e+00
0.0031,1.00000000e+00,2.14184494e+02,2.12500000e+02,1.00000000e+00
0.003105,1.00000000e+00,2.13863434e+02,2.12500000e+02,1.00000000e+00
0.00311,1.00000000e+00,2.13542358e+02,2.12500000e+02,1.00000000e+00
0.003115,1.00000000e+00,2.13221283e+02,2.12500000e+02,1.00000000e+00
0.00312,1.00000000e+00,2.12900208e+02,2.12500000e+02,1.00000000e+00
0.003125,1.00000000e+00,2.12579132e+02,2.11000000e+02,1.00000000e+00
0.00313,1.00000000e+00,2.12258041e+02,2.11000000e+02,1.00000000e+00
0.003135,1.00000000e+00,2.11936981e+02,2.11000000e+02,1.00000000e+00
0.00314,1.00000000e+00,2.11615906e+02,2.11000000e+02,1.00000000e+00
0.003145,1.00000000e+00,2.11294830e+02,2.11000000e+02,1.00000000e+00
0.00315,1.00000000e+00,2.10973755e+02,2.11000000e+02,1.00000000e+00
0.003155,1.00000000e+00,2.10660278e+02,2.09500000e+02,1.00000000e+00
0.00316,1.00000000e+00,2.10346802e+02,2.09500000e+02,1.00000000e+00
0.003165,1.00000000e+00,2.10033340e+02,2.09500000e+02,1.00000000e+00
0.00317,1.00000000e+00,2.09719864e+02,2.09500000e+02,1.00000000e+00
0.003175,1.00000000e+00,2.09406372e+02,2.09500000e+02,1.00000000e+00
0.00318,1.00000000e+00,2.09092896e+02,2.08000000e+02,1.00000000e+00
0.003185,1.00000000e+00,2.08779419e+02,2.08000000e+02,1.00000000e+00
0.00319,1.00000000e+00,2.08465942e+02,2.08000000e+02,1.00000000e+00
0.003195,1.00000000e+00,2.08152466e+02,2.08000000e+02,1.00000000e+00
0.0032,1.00000000e+00,2.07839005e+02,2.08000000e+02,1.00000000e+00
0.003205,1.00000000e+00,2.07530609e+02,2.06500000e+02,1.00000000e+00
0.00321,1.00000000e+00,2.07222198e+02,2.06500000e+02,1.00000000e+00
0.003215,1.00000000e+00,2.06913803e+02,2.06500000e+02,1.00000000e+00
0.00322,1.00000000e+00,2.06605392e+02,2.06500000e+02,1.00000000e+00
0.003225,1.00000000e+00,2.06296997e+02,2.05000000e+02,1.00000000e+00
0.00323,1.00000000e+00,2.05988617e+02,2.05000000e+02,1.00000000e+00
0.003235,1.00000000e+00,2.05680206e+02,2.05000000e+02,1.00000000e+00
0.00324,1.00000000e+00,2.05371811e+02,2.05000000e+02,1.00000000e+00
0.003245,1.00000000e+00,2.05063400e+02,2.05000000e+02,1.00000000e+00
0.00325,1.00000000e+00,2.04755005e+02,2.03500000e+02,1.00000000e+00
0.003255,1.00000000e+00,2.04449860e+02,2.03500000e+02,1.00000000e+00
0.00326,1.00000000e+00,2.04144714e+02,2.03500000e+02,1.00000000e+00
0.003265,1.00000000e+00,2.03839554e+02,2.03500000e+02,1.00000000e+00
0.00327,1.00000000e+00,2.03534409e+02,2.03500000e+02,1.00000000e+00
0.003275,1.00000000e+00,2.03229248e+02,2.03500000e+02,1.00000000e+00
0.00328,1.00000000e+00,2.02924103e+02,2.02000000e+02,1.00000000e+00
0.003285,1.00000000e+00,2.02618958e+02,2.02000000e+02,1.00000000e+00
0.00329,1.00000000e+00,2.02313812e+02,2.02000000e+02,1.00000000e+00
0.003295,1.00000000e+00,2.02008652e+02,2.02000000e+02,1.00000000e+00
0.0033,1.00000000e+00,2.01703506e+02,2.02000000e+02,1.00000000e+00
0.003305,1.00000000e+00,2.01400360e+02,2.00500000e+02,1.00000000e+00
0.00331,1.00000000e+00,2.01097198e+02,2.00500000e+02,1.00000000e+00
0.003315,1.00000000e+00,2.00794052e+02,2.00500000e+02,1.00000000e+00
0.00332,1.00000000e+00,2.00490906e+02,2.00500000e+02,1.00000000e+00
0.003325,1.00000000e+00,2.00187744e+02,2.00500000e+02,1.00000000e+00
0.00333,1.00000000e+00,1.99884598e+02,1.99000000e+02,1.00000000e+00
0.003335,1.00000000e+00,1.99581451e+02,1.99000000e+02,1.00000000e+00
0.00334,1.00000000e+00,1.99278290e+02,1.99000000e+02,1.00000000e+00
0.003345,1.00000000e+00,1.98975143e+02,1.99000000e+02,1.00000000e+00
0.00335,1.00000000e+00,1.98671997e+02,1.99000000e+02,1.00000000e+00
0.003355,1.00000000e+00,1.98370071e+02,1.97500000e+02,1.00000000e+00
0.00336,1.00000000e+00,1.98068146e+02,1.97500000e+02,1.00000000e+00
0.003365,1.00000000e+00,1.97766220e+02,1.97500000e+02,1.00000000e+00
0.00337,1.00000000e+00,1.97464294e+02,1.97500000e+02,1.00000000e+00
0.003375,1.00000000e+00,1.97162369e+02,1.96000000e+02,1.00000000e+00
0.00338,1.00000000e+00,1.96860443e+02,1.96000000e+02,1.00000000e+00
0.003385,1.00000000e+00,1.96558517e+02,1.96000000e+02,1.00000000e+00
0.00339,1.00000000e+00,1.96256592e+02,1.96000000e+02,1.00000000e+00
0.003395,1.00000000e+00,1.95954666e+02,1.96000000e+02,1.00000000e+00
0.0034,1.00000000e+00,1.95652740e+02,1.94500000e+02,1.00000000e+00
0.003405,1.00000000e+00,1.95351608e+02,1.94500000e+02,1.00000000e+00
0.00341,1.00000000e+00,1.95050507e+02,1.94500000e+02,1.00000000e+00
0.003415,1.00000000e+00,1.94749374e+02,1.94500000e+02,1.00000000e+00
0.00342,1.00000000e+00,1.94448257e+02,1.94500000e+02,1.00000000e+00
0.003425,1.00000000e+00,1.94147125e+02,1.94500000e+02,1.00000000e+00
0.00343,1.00000000e+00,1.93845993e+02,1.93000000e+02,1.00000000e+00
0.003435,1.00000000e+00,1.93544876e+02,1.93000000e+02,1.00000000e+00
0.00344,1.00000000e+00,1.93243759e+02,1.93000000e+02,1.00000000e+00
0.003445,1.00000000e+00,1.92942642e+02,1.93000000e+02,1.00000000e+00
0.00345,1.00000000e+00,1.92641510e+02,1.93000000e+02,1.00000000e+00
0.003455,1.00000000e+00,1.92340988e+02,1.91500000e+02,1.00000000e+00
0.00346,1.00000000e+00,1.92040451e+02,1.91500000e+02,1.00000000e+00
0.003465,1.00000000e+00,1.91739929e+02,1.91500000e+02,1.00000000e+00
0.00347,1.00000000e+00,1.91439407e+02,1.91500000e+02,1.00000000e+00
0.003475,1.00000000e+00,1.91138885e+02,1.91500000e+02,1.00000000e+00
0.00348,1.00000000e+00,1.90838364e+02,1.90000000e+02,1.00000000e+00
0.003485,1.00000000e+00,1.90537842e+02,1.90000000e+02,1.00000000e+00
0.00349,1.00000000e+00,1.90237320e+02,1.90000000e+02,1.00000000e+00
0.003495,1.00000000e+00,1.89936783e+02,1.90000000e+02,1.00000000e+00
0.0035,1.00000000e+00,1.89636261e+02,1.88500000e+02,1.00000000e+00
0.003505,1.00000000e+00,1.89336273e+02,1.88500000e+02,1.00000000e+00
0.00351,1.00000000e+00,1.89036270e+02,1.88500000e+02,1.00000000e+00
0.003515,1.00000000e+00,1.88736267e+02,1.88500000e+02,1.00000000e+00
0.00352,1.00000000e+00,1.88436264e+02,1.88500000e+02,1.00000000e+00
0.003525,1.00000000e+00,1.88136261e+02,1.87000000e+02,1.00000000e+00
0.00353,1.00000000e+00,1.87836243e+02,1.87000000e+02,1.00000000e+00
0.003535,1.00000000e+00,1.87536255e+02,1.87000000e+02,1.00000000e+00
0.00354,1.00000000e+00,1.87236252e+02,1.87000000e+02,1.00000000e+00
0.003545,1.00000000e+00,1.86936249e+02,1.87000000e+02,1.00000000e+00
0.00355,1.00000000e+00,1.86636246e+02,1.87000000e+02,1.00000000e+00
0.003555,1.00000000e+00,1.86336670e+02,1.85500000e+02,1.00000000e+00
0.00356,1.00000000e+00,1.86037094e+02,1.85500000e+02,1.00000000e+00
0.003565,1.00000000e+00,1.85737534e+02,1.85500000e+02,1.00000000e+00
0.00357,1.00000000e+00,1.85437958e+02,1.85500000e+02,1.00000000e+00
0.003575,1.00000000e+00,1.85138367e+02,1.85500000e+02,1.00000000e+00
0.00358,1.00000000e+00,1.84838791e+02,1.84000000e+02,1.00000000e+00
0.003585,1.00000000e+00,1.84539215e+02,1.84000000e+02,1.00000000e+00
0.00359,1.00000000e+00,1.84239639e+02,1.84000000e+02,1.00000000e+00
0.003595,1.00000000e+00,1.83940079e+02,1.84000000e+02,1.00000000e+00
0.0036,1.00000000e+00,1.83640503e+02,1.84000000e+02,1.00000000e+00
0.003605,1.00000000e+00,1.83341248e+02,1.82500000e+02,1.00000000e+00
0.00361,1.00000000e+00,1.83041992e+02,1.82500000e+02,1.00000000e+00
0.003615,1.00000000e+00,1.82742752e+02,1.82500000e+02,1.00000000e+00
0.00362,1.00000000e+00,1.82443497e+02,1.82500000e+02,1.00000000e+00
0.003625,1.00000000e+00,1.82144257e+02,1.82500000e+02,1.00000000e+00
0.00363,1.00000000e+00,1.81845001e+02,1.81000000e+02,1.00000000e+00
0.003635,1.00000000e+00,1.81545746e+02,1.81000000e+02,1.00000000e+00
0.00364,1.00000000e+00,1.81246506e+02,1.81000000e+02,1.00000000e+00
0.003645,1.00000000e+00,1.80947250e+02,1.81000000e+02,1.00000000e+00
0.00365,1.00000000e+00,1.80647995e+02,1.79500000e+02,1.00000000e+00
0.003655,1.00000000e+00,1.80349030e+02,1.79500000e+02,1.00000000e+00
0.00366,1.00000000e+00,1.80050049e+02,1.79500000e+02,1.00000000e+00
0.003665,1.00000000e+00,1.79751083e+02,1.79500000e+02,1.00000000e+00
0.00367,1.00000000e+00,1.79452103e+02,1.79500000e+02,1.00000000e+00
0.003675,1.00000000e+00,1.79153122e+02,1.78000000e+02,1.00000000e+00
0.00368,1.00000000e+00,1.78854141e+02,1.78000000e+02,1.00000000e+00
0.003685,1.00000000e+00,1.78555176e+02,1.78000000e+02,1.00000000e+00
0.00369,1.00000000e+00,1.78256210e+02,1.78000000e+02,1.00000000e+00
0.003695,1.00000000e+00,1.77957230e+02,1.78000000e+02,1.00000000e+00
0.0037,1.00000000e+00,1.77658249e+02,1.78000000e+02,1.00000000e+00
0.003705,1.00000000e+00,1.77359528e+02,1.76500000e+02,1.00000000e+00
0.00371,1.00000000e+00,1.77060791e+02,1.76500000e+02,1.00000000e+00
0.003715,1.00000000e+00,1.76762070e+02,1.76500000e+02,1.00000000e+00
0.00372,1.00000000e+00,1.76463348e+02,1.76500000e+02,1.00000000e+00
0.003725,1.00000000e+00,1.76164627e+02,1.76500000e+02,1.00000000e+00
0.00373,1.00000000e+00,1.75865906e+02,1.75000000e+02,1.00000000e+00
0.003735,1.00000000e+00,1.75567169e+02,1.75000000e+02,1.00000000e+00
0.00374,1.00000000e+00,1.75268448e+02,1.75000000e+02,1.00000000e+00
0.003745,1.00000000e+00,1.74969711e+02,1.75000000e+02,1.00000000e+00
0.00375,1.00000000e+00,1.74671005e+02,1.75000000e+02,1.00000000e+00
0.003755,1.00000000e+00,1.74372421e+02,1.73500000e+02,1.00000000e+00
0.00376,1.00000000e+00,1.74073853e+02,1.73500000e+02,1.00000000e+00
0.003765,1.00000000e+00,1.73775269e+02,1.73500000e+02,1.00000000e+00
0.00377,1.00000000e+00,1.73476700e+02,1.73500000e+02,1.00000000e+00
0.003775,1.00000000e+00,1.73178116e+02,1.72000000e+02,1.00000000e+00
0.00378,1.00000000e+00,1.72879547e+02,1.72000000e+02,1.00000000e+00
0.003785,1.00000000e+00,1.72580978e+02,1.72000000e+02,1.00000000e+00
0.00379,1.00000000e+00,1.72282394e+02,1.72000000e+02,1.00000000e+00
0.003795,1.00000000e+00,1.71983826e+02,1.72000000e+02,1.00000000e+00
0.0038,1.00000000e+00,1.71685242e+02,1.70500000e+02,1.00000000e+00
0.003805,1.00000000e+00,1.71386612e+02,1.70500000e+02,1.00000000e+00
0.00381,1.00000000e+00,1.71087997e+02,1.70500000e+02,1.00000000e+00
0.003815,1.00000000e+00,1.70789383e+02,1.70500000e+02,1.00000000e+00
0.00382,1.00000000e+00,1.70490753e+02,1.70500000e+02,1.00000000e+00
0.003825,1.00000000e+00,1.70192123e+02,1.70500000e+02,1.00000000e+00
0.00383,1.00000000e+00,1.69893494e+02,1.69000000e+02,1.00000000e+00
0.003835,1.00000000e+00,1.69594864e+02,1.69000000e+02,1.00000000e+00
0.00384,1.00000000e+00,1.69296265e+02,1.69000000e+02,1.00000000e+00
0.003845,1.00000000e+00,1.68997635e+02,1.69000000e+02,1.00000000e+00
0.00385,1.00000000e+00,1.68699005e+02,1.69000000e+02,1.00000000e+00
0.003855,1.00000000e+00,1.68400208e+02,1.67500000e+02,1.00000000e+00
0.00386,1.00000000e+00,1.68101395e+02,1.67500000e+02,1.00000000e+00
0.003865,1.00000000e+00,1.67802597e+02,1.67500000e+02,1.00000000e+00
0.00387,1.00000000e+00,1.67503799e+02,1.67500000e+02,1.00000000e+00
0.003875,1.00000000e+00,1.67205002e+02,1.67500000e+02,1.00000000e+00
0.00388,1.00000000e+00,1.66906204e+02,1.66000000e+02,1.00000000e+00
0.003885,1.00000000e+00,1.66607391e+02,1.66000000e+02,1.00000000e+00
0.00389,1.00000000e+00,1.66308594e+02,1.66000000e+02,1.00000000e+00
0.003895,1.00000000e+00,1.66009781e+02,1.66000000e+02,1.00000000e+00
0.0039,1.00000000e+00,1.65710999e+02,1.66000000e+02,1.00000000e+00
0.003905,1.00000000e+00,1.65412170e+02,1.64500000e+02,1.00000000e+00
0.00391,1.00000000e+00,1.65113342e+02,1.64500000e+02,1.00000000e+00
0.003915,1.00000000e+00,1.64814529e+02,1.64500000e+02,1.00000000e+00
0.00392,1.00000000e+00,1.64515686e+02,1.64500000e+02,1.00000000e+00
0.003925,1.00000000e+00,1.64216873e+02,1.64500000e+02,1.00000000e+00
0.00393,1.00000000e+00,1.63918030e+02,1.63000000e+02,1.00000000e+00
0.003935,1.00000000e+00,1.63619217e+02,1.63000000e+02,1.00000000e+00
0.00394,1.00000000e+00,1.63320374e+02,1.63000000e+02,1.00000000e+00
0.003945,1.00000000e+00,1.63021561e+02,1.63000000e+02,1.00000000e+00
0.00395,1.00000000e+00,1.62722748e+02,1.63000000e+02,1.00000000e+00
0.003955,1.00000000e+00,1.62424026e+02,1.61500000e+02,1.00000000e+00
0.00396,1.00000000e+00,1.62125351e+02,1.61500000e+02,1.00000000e+00
0.003965,1.00000000e+00,1.61826630e+02,1.61500000e+02,1.00000000e+00
0.00397,1.00000000e+00,1.61527954e+02,1.61500000e+02,1.00000000e+00
0.003975,1.00000000e+00,1.61229233e+02,1.60000000e+02,1.00000000e+00
0.00398,1.00000000e+00,1.60930542e+02,1.60000000e+02,1.00000000e+00
0.003985,1.00000000e+00,1.60631866e+02,1.60000000e+02,1.00000000e+00
0.00399,1.00000000e+00,1.60333145e+02,1.60000000e+02,1.00000000e+00
0.003995,1.00000000e+00,1.60034470e+02,1.60000000e+02,1.00000000e+00
0.004,1.00000000e+00,1.59735748e+02,1.58500000e+02,1.00000000e+00
0.004005,1.00000000e+00,1.59437241e+02,1.58500000e+02,1.00000000e+00
0.00401,1.00000000e+00,1.59138718e+02,1.58500000e+02,1.00000000e+00
0.004015,1.00000000e+00,1.58840179e+02,1.58500000e+02,1.00000000e+00
0.00402,1.00000000e+00,1.58541672e+02,1.58500000e+02,1.00000000e+00
0.004025,1.00000000e+00,1.58243134e+02,1.57000000e+02,1.00000000e+00
0.00403,1.00000000e+00,1.57944611e+02,1.57000000e+02,1.00000000e+00
0.004035,1.00000000e+00,1.57646072e+02,1.57000000e+02,1.00000000e+00
0.00404,1.00000000e+00,1.57347565e+02,1.57000000e+02,1.00000000e+00
0.004045,1.00000000e+00,1.57049042e+02,1.57000000e+02,1.00000000e+00
0.00405,1.00000000e+00,1.56750504e+02,1.55500000e+02,1.00000000e+00
0.004055,1.00000000e+00,1.56452164e+02,1.55500000e+02,1.00000000e+00
0.00406,1.00000000e+00,1.56153793e+02,1.55500000e+02,1.00000000e+00
0.004065,1.00000000e+00,1.55855453e+02,1.55500000e+02,1.00000000e+00
0.00407,1.00000000e+00,1.55557114e+02,1.55500000e+02,1.00000000e+00
0.004075,1.00000000e+00,1.55258759e+02,1.54000000e+02,1.00000000e+00
0.00408,1.00000000e+00,1.54960419e+02,1.54000000e+02,1.00000000e+00
0.004085,1.00000000e+00,1.54662048e+02,1.54000000e+02,1.00000000e+00
0.00409,1.00000000e+00,1.54363708e+02,1.54000000e+02,1.00000000e+00
0.004095,1.00000000e+00,1.54065338e+02,1.54000000e+02,1.00000000e+00
0.0041,1.00000000e+00,1.53766998e+02,1.54000000e+02,1.00000000e+00
0.004105,1.00000000e+00,1.53468842e+02,1.52500000e+02,1.00000000e+00
0.00411,1.00000000e+00,1.53170639e+02,1.52500000e+02,1.00000000e+00
0.004115,1.00000000e+00,1.52872482e+02,1.52500000e+02,1.00000000e+00
0.00412,1.00000000e+00,1.52574280e+02,1.52500000e+02,1.00000000e+00
0.004125,1.00000000e+00,1.52276123e+02,1.52500000e+02,1.00000000e+00
0.00413,1.00000000e+00,1.51977966e+02,1.51000000e+02,1.00000000e+00
0.004135,1.00000000e+00,1.51679764e+02,1.51000000e+02,1.00000000e+00
0.00414,1.00000000e+00,1.51381607e+02,1.51000000e+02,1.00000000e+00
0.004145,1.00000000e+00,1.51083405e+02,1.51000000e+02,1.00000000e+00
0.00415,1.00000000e+00,1.50785248e+02,1.51000000e+02,1.00000000e+00
0.004155,1.00000000e+00,1.50487305e+02,1.49500000e+02,1.00000000e+00
0.00416,1.00000000e+00,1.50189392e+02,1.49500000e+02,1.00000000e+00
0.004165,1.00000000e+00,1.49891479e+02,1.49500000e+02,1.00000000e+00
0.00417,1.00000000e+00,1.49593536e+02,1.49500000e+02,1.00000000e+00
0.004175,1.00000000e+00,1.49295624e+02,1.49500000e+02,1.00000000e+00
0.00418,1.00000000e+00,1.48997681e+02,1.48000000e+02,1.00000000e+00
0.004185,1.00000000e+00,1.48699768e+02,1.48000000e+02,1.00000000e+00
0.00419,1.00000000e+00,1.48401855e+02,1.48000000e+02,1.00000000e+00
0.004195,1.00000000e+00,1.48103912e+02,1.48000000e+02,1.00000000e+00
0.0042,1.00000000e+00,1.47806000e+02,1.48000000e+02,1.00000000e+00
0.004205,1.00000000e+00,1.47508255e+02,1.46500000e+02,1.00000000e+00
0.00421,1.00000000e+00,1.47210556e+02,1.46500000e+02,1.00000000e+00
0.004215,1.00000000e+00,1.46912811e+02,1.46500000e+02,1.00000000e+00
0.00422,1.00000000e+00,1.46615097e+02,1.46500000e+02,1.00000000e+00
0.004225,1.00000000e+00,1.46317383e+02,1.46500000e+02,1.00000000e+00
0.00423,1.00000000e+00,1.46019653e+02,1.45000000e+02,1.00000000e+00
0.004235,1.00000000e+00,1.45721939e+02,1.45000000e+02,1.00000000e+00
0.00424,1.00000000e+00,1.45424194e+02,1.45000000e+02,1.00000000e+00
0.004245,1.00000000e+00,1.45126495e+02,1.45000000e+02,1.00000000e+00
0.00425,1.00000000e+00,1.44828751e+02,1.43500000e+02,1.00000000e+00
0.004255,1.00000000e+00,1.44531006e+02,1.43500000e+02,1.00000000e+00
0.00426,1.00000000e+00,1.44233276e+02,1.43500000e+02,1.00000000e+00
0.004265,1.00000000e+00,1.43935501e+02,1.43500000e+02,1.00000000e+00
0.00427,1.00000000e+00,1.43637772e+02,1.43500000e+02,1.00000000e+00
0.004275,1.00000000e+00,1.43339996e+02,1.42000000e+02,1.00000000e+00
0.00428,1.00000000e+00,1.43042267e+02,1.42000000e+02,1.00000000e+00
0.004285,1.00000000e+00,1.42744522e+02,1.42000000e+02,1.00000000e+00
0.00429,1.00000000e+00,1.42446762e+02,1.42000000e+02,1.00000000e+00
0.004295,1.00000000e+00,1.42149017e+02,1.42000000e+02,1.00000000e+00
0.0043,1.00000000e+00,1.41851257e+02,1.40500000e+02,1.00000000e+00
0.004305,1.00000000e+00,1.41553070e+02,1.40500000e+02,1.00000000e+00
0.00431,1.00000000e+00,1.41254852e+02,1.40500000e+02,1.00000000e+00
0.004315,1.00000000e+00,1.40956665e+02,1.40500000e+02,1.00000000e+00
0.00432,1.00000000e+00,1.40658463e+02,1.40500000e+02,1.00000000e+00
0.004325,1.00000000e+00,1.40360260e+02,1.39000000e+02,1.00000000e+00
0.00433,1.00000000e+00,1.40062057e+02,1.39000000e+02,1.00000000e+00
0.004335,1.00000000e+00,1.39763840e+02,1.39000000e+02,1.00000000e+00
0.00434,1.00000000e+00,1.39465652e+02,1.39000000e+02,1.00000000e+00
0.004345,1.00000000e+00,1.39167465e+02,1.39000000e+02,1.00000000e+00
0.00435,1.00000000e+00,1.38869247e+02,1.37500000e+02,1.00000000e+00
0.004355,1.00000000e+00,1.38570312e+02,1.37500000e+02,1.00000000e+00
0.00436,1.00000000e+00,1.38271347e+02,1.37500000e+02,1.00000000e+00
0.004365,1.00000000e+00,1.37972397e+02,1.37500000e+02,1.00000000e+00
0.00437,1.00000000e+00,1.37673431e+02,1.37500000e+02,1.00000000e+00
0.004375,1.00000000e+00,1.37374496e+02,1.36000000e+02,1.00000000e+00
0.00438,1.00000000e+00,1.37075562e+02,1.36000000e+02,1.00000000e+00
0.004385,1.00000000e+00,1.36776596e+02,1.36000000e+02,1.00000000e+00
0.00439,1.00000000e+00,1.36477646e+02,1.36000000e+02,1.00000000e+00
0.004395,1.00000000e+00,1.36178680e+02,1.36000000e+02,1.00000000e+00
0.0044,1.00000000e+00,1.35879745e+02,1.36000000e+02,1.00000000e+00
0.004405,1.00000000e+00,1.35580185e+02,1.34500000e+02,1.00000000e+00
0.00441,1.00000000e+00,1.35280594e+02,1.34500000e+02,1.00000000e+00
0.004415,1.00000000e+00,1.34981033e+02,1.34500000e+02,1.00000000e+00
0.00442,1.00000000e+00,1.34681442e+02,1.34500000e+02,1.00000000e+00
0.004425,1.00000000e+00,1.34381866e+02,1.34500000e+02,1.00000000e+00
0.00443,1.00000000e+00,1.34082291e+02,1.33000000e+02,1.00000000e+00
0.004435,1.00000000e+00,1.33782715e+02,1.33000000e+02,1.00000000e+00
0.00444,1.00000000e+00,1.33483154e+02,1.33000000e+02,1.00000000e+00
0.004445,1.00000000e+00,1.33183563e+02,1.33000000e+02,1.00000000e+00
0.00445,1.00000000e+00,1.32884003e+02,1.33000000e+02,1.00000000e+00
0.004455,1.00000000e+00,1.32584137e+02,1.31500000e+02,1.00000000e+00
0.00446,1.00000000e+00,1.32284302e+02,1.31500000e+02,1.00000000e+00
0.004465,1.00000000e+00,1.31984451e+02,1.31500000e+02,1.00000000e+00
0.00447,1.00000000e+00,1.31684586e+02,1.31500000e+02,1.00000000e+00
0.004475,1.00000000e+00,1.31384750e+02,1.31500000e+02,1.00000000e+00
0.00448,1.00000000e+00,1.31084885e+02,1.30000000e+02,1.00000000e+00
0.004485,1.00000000e+00,1.30785049e+02,1.30000000e+02,1.00000000e+00
0.00449,1.00000000e+00,1.30485184e+02,1.30000000e+02,1.00000000e+00
0.004495,1.00000000e+00,1.30185333e+02,1.30000000e+02,1.00000000e+00
0.0045,1.00000000e+00,1.29885498e+02,1.30000000e+02,1.00000000e+00
0.004505,1.00000000e+00,1.29585907e+02,1.28500000e+02,1.00000000e+00
0.00451,1.00000000e+00,1.29286346e+02,1.28500000e+02,1.00000000e+00
0.004515,1.00000000e+00,1.28986755e+02,1.28500000e+02,1.00000000e+00
0.00452,1.00000000e+00,1.28687195e+02,1.28500000e+02,1.00000000e+00
0.004525,1.00000000e+00,1.28387619e+02,1.27000000e+02,1.00000000e+00
0.00453,1.00000000e+00,1.28088058e+02,1.27000000e+02,1.00000000e+00
0.004535,1.00000000e+00,1.27788490e+02,1.27000000e+02,1.00000000e+00
0.00454,1.00000000e+00,1.27488907e+02,1.27000000e+02,1.00000000e+00
0.004545,1.00000000e+00,1.27189346e+02,1.27000000e+02,1.00000000e+00
0.00455,1.00000000e+00,1.26889755e+02,1.25500000e+02,1.00000000e+00
0.004555,1.00000000e+00,1.26590843e+02,1.25500000e+02,1.00000000e+00
0.00456,1.00000000e+00,1.26291924e+02,1.25500000e+02,1.00000000e+00
0.004565,1.00000000e+00,1.25992981e+02,1.25500000e+02,1.00000000e+00
0.00457,1.00000000e+00,1.25694069e+02,1.25500000e+02,1.00000000e+00
0.004575,1.00000000e+00,1.25395126e+02,1.24000000e+02,1.00000000e+00
0.00458,1.00000000e+00,1.25096214e+02,1.24000000e+02,1.00000000e+00
0.004585,1.00000000e+00,1.24797272e+02,1.24000000e+02,1.00000000e+00
0.00459,1.00000000e+00,1.24498352e+02,1.24000000e+02,1.00000000e+00
0.004595,1.00000000e+00,1.24199440e+02,1.24000000e+02,1.00000000e+00
0.0046,1.00000000e+00,1.23900497e+02,1.22500000e+02,1.00000000e+00
0.004605,1.00000000e+00,1.23602081e+02,1.22500000e+02,1.00000000e+00
0.00461,1.00000000e+00,1.23303642e+02,1.22500000e+02,1.00000000e+00
0.004615,1.00000000e+00,1.23005226e+02,1.22500000e+02,1.00000000e+00
0.00462,1.00000000e+00,1.22706818e+02,1.22500000e+02,1.00000000e+00
0.004625,1.00000000e+00,1.22408371e+02,1.21000000e+02,1.00000000e+00
0.00463,1.00000000e+00,1.22109962e+02,1.21000000e+02,1.00000000e+00
0.004635,1.00000000e+00,1.21811523e+02,1.21000000e+02,1.00000000e+00
0.00464,1.00000000e+00,1.21513107e+02,1.21000000e+02,1.00000000e+00
0.004645,1.00000000e+00,1.21214668e+02,1.21000000e+02,1.00000000e+00
0.00465,1.00000000e+00,1.20916252e+02,1.21000000e+02,1.00000000e+00
0.004655,1.00000000e+00,1.20617935e+02,1.19500000e+02,1.00000000e+00
0.00466,1.00000000e+00,1.20319595e+02,1.19500000e+02,1.00000000e+00
0.004665,1.00000000e+00,1.20021278e+02,1.19500000e+02,1.00000000e+00
0.00467,1.00000000e+00,1.19722939e+02,1.19500000e+02,1.00000000e+00
0.004675,1.00000000e+00,1.19424622e+02,1.19500000e+02,1.00000000e+00
0.00468,1.00000000e+00,1.19126312e+02,1.18000000e+02,1.00000000e+00
0.004685,1.00000000e+00,1.18827972e+02,1.18000000e+02,1.00000000e+00
0.00469,1.00000000e+00,1.18529655e+02,1.18000000e+02,1.00000000e+00
0.004695,1.00000000e+00,1.18231316e+02,1.18000000e+02,1.00000000e+00
0.0047,1.00000000e+00,1.17932999e+02,1.18000000e+02,1.00000000e+00
0.004705,1.00000000e+00,1.17634354e+02,1.16500000e+02,1.00000000e+00
0.00471,1.00000000e+00,1.17335739e+02,1.16500000e+02,1.00000000e+00
0.004715,1.00000000e+00,1.17037132e+02,1.16500000e+02,1.00000000e+00
0.00472,1.00000000e+00,1.16738487e+02,1.16500000e+02,1.00000000e+00
0.004725,1.00000000e+00,1.16439873e+02,1.16500000e+02,1.00000000e+00
0.00473,1.00000000e+00,1.16141228e+02,1.15000000e+02,1.00000000e+00
0.004735,1.00000000e+00,1.15842613e+02,1.15000000e+02,1.00000000e+00
0.00474,1.00000000e+00,1.15544006e+02,1.15000000e+02,1.00000000e+00
0.004745,1.00000000e+00,1.15245361e+02,1.15000000e+02,1.00000000e+00
0.00475,1.00000000e+00,1.14946747e+02,1.15000000e+02,1.00000000e+00
0.004755,1.00000000e+00,1.14647659e+02,1.13500000e+02,1.00000000e+00
0.00476,1.00000000e+00,1.14348595e+02,1.13500000e+02,1.00000000e+00
0.004765,1.00000000e+00,1.14049507e+02,1.13500000e+02,1.00000000e+00
0.00477,1.00000000e+00,1.13750450e+02,1.13500000e+02,1.00000000e+00
0.004775,1.00000000e+00,1.13451385e+02,1.13500000e+02,1.00000000e+00
0.00478,1.00000000e+00,1.13152298e+02,1.12000000e+02,1.00000000e+00
0.004785,1.00000000e+00,1.12853241e+02,1.12000000e+02,1.00000000e+00
0.00479,1.00000000e+00,1.12554153e+02,1.12000000e+02,1.00000000e+00
0.004795,1.00000000e+00,1.12255089e+02,1.12000000e+02,1.00000000e+00
0.0048,1.00000000e+00,1.11956001e+02,1.10500000e+02,1.00000000e+00
0.004805,1.00000000e+00,1.11656639e+02,1.10500000e+02,1.00000000e+00
0.00481,1.00000000e+00,1.11357277e+02,1.10500000e+02,1.00000000e+00
0.004815,1.00000000e+00,1.11057884e+02,1.10500000e+02,1.00000000e+00
0.00482,1.00000000e+00,1.10758514e+02,1.10500000e+02,1.00000000e+00
0.004825,1.00000000e+00,1.10459122e+02,1.09000000e+02,1.00000000e+00
0.00483,1.00000000e+00,1.10159760e+02,1.09000000e+02,1.00000000e+00
0.004835,1.00000000e+00,1.09860397e+02,1.09000000e+02,1.00000000e+00
0.00484,1.00000000e+00,1.09561005e+02,1.09000000e+02,1.00000000e+00
0.004845,1.00000000e+00,1.09261642e+02,1.09000000e+02,1.00000000e+00
0.00485,1.00000000e+00,1.08962250e+02,1.07500000e+02,1.00000000e+00
0.004855,1.00000000e+00,1.08662910e+02,1.07500000e+02,1.00000000e+00
0.00486,1.00000000e+00,1.08363541e+02,1.07500000e+02,1.00000000e+00
0.004865,1.00000000e+00,1.08064209e+02,1.07500000e+02,1.00000000e+00
0.00487,1.00000000e+00,1.07764870e+02,1.07500000e+02,1.00000000e+00
0.004875,1.00000000e+00,1.07465500e+02,1.06000000e+02,1.00000000e+00
0.00488,1.00000000e+00,1.07166161e+02,1.06000000e+02,1.00000000e+00
0.004885,1.00000000e+00,1.06866791e+02,1.06000000e+02,1.00000000e+00
0.00489,1.00000000e+00,1.06567459e+02,1.06000000e+02,1.00000000e+00
0.004895,1.00000000e+00,1.06268120e+02,1.06000000e+02,1.00000000e+00
0.0049,1.00000000e+00,1.05968750e+02,1.04500000e+02,1.00000000e+00
0.004905,1.00000000e+00,1.05670113e+02,1.04500000e+02,1.00000000e+00
0.00491,1.00000000e+00,1.05371445e+02,1.04500000e+02,1.00000000e+00
0.004915,1.00000000e+00,1.05072807e+02,1.04500000e+02,1.00000000e+00
0.00492,1.00000000e+00,1.04774139e+02,1.04500000e+02,1.00000000e+00
0.004925,1.00000000e+00,1.04475494e+02,1.04500000e+02,1.00000000e+00
0.00493,1.00000000e+00,1.04176857e+02,1.03000000e+02,1.00000000e+00
0.004935,1.00000000e+00,1.03878189e+02,1.03000000e+02,1.00000000e+00
0.00494,1.00000000e+00,1.03579552e+02,1.03000000e+02,1.00000000e+00
0.004945,1.00000000e+00,1.03280884e+02,1.03000000e+02,1.00000000e+00
0.00495,1.00000000e+00,1.02982246e+02,1.03000000e+02,1.00000000e+00
0.004955,1.00000000e+00,1.02684036e+02,1.01500000e+02,1.00000000e+00
0.00496,1.00000000e+00,1.02385788e+02,1.01500000e+02,1.00000000e+00
0.004965,1.00000000e+00,1.02087578e+02,1.01500000e+02,1.00000000e+00
0.00497,1.00000000e+00,1.01789337e+02,1.01500000e+02,1.00000000e+00
0.004975,1.00000000e+00,1.01491119e+02,1.01500000e+02,1.00000000e+00
0.00498,1.00000000e+00,1.01192879e+02,1.00000000e+02,1.00000000e+00
0.004985,1.00000000e+00,1.00894669e+02,1.00000000e+02,1.00000000e+00
0.00499,1.00000000e+00,1.00596458e+02,1.00000000e+02,1.00000000e+00
0.004995,1.00000000e+00,1.00298210e+02,1.00000000e+02,1.00000000e+00
0.005,1.00000000e+00,1.00000000e+02,1.00000000e+02,1.00000000e+00
